cc,cvv,expiration_date
47614671770231, 647, 08/2030
40601502163568, 935, 12/2027
47686672355410, 674, 08/2027
40454116856155, 823, 04/2028
40867217645237, 310, 10/2029
42077530184074, 822, 06/2030
48367140776201, 268, 12/2031
43827133045752, 369, 06/2028
47206643266206, 849, 01/2027
41371508547045, 861, 09/2030
42755152052188, 208, 06/2029
43336556584107, 548, 11/2029
40056725802106, 929, 06/2029
40223773872346, 852, 10/2029
44811110422704, 366, 02/2028
42462046670537, 759, 05/2031
48006827718074, 852, 07/2028
40303445128127, 635, 08/2031
47145266608254, 367, 10/2031
44768161666144, 932, 09/2030
47075055082215, 980, 02/2028
45127812464376, 140, 04/2027
46778204664400, 955, 04/2027
45554730246553, 272, 06/2027
46258256004417, 895, 09/2027
41313130064585, 956, 06/2029
42431225722864, 884, 12/2028
42231856520854, 726, 10/2028
41554622703806, 511, 12/2027
40815303776424, 574, 03/2030
42728654600580, 278, 05/2029
45567777440657, 234, 07/2030
47811788121288, 293, 11/2031
45455174236854, 917, 03/2027
45588081004104, 797, 07/2029
44277037256882, 472, 11/2030
43348336108768, 325, 01/2029
43178410542826, 857, 07/2030
40713418418620, 995, 06/2029
47310183505047, 781, 05/2029
40103880614205, 483, 06/2031
40634850665306, 209, 08/2028
45058488085270, 722, 03/2028
43820760071522, 501, 04/2028
42617478888226, 531, 11/2030
45315035347466, 453, 12/2029
44406488671832, 515, 08/2028
45186356763262, 935, 05/2029
46152062166835, 419, 10/2028
47235636081405, 182, 11/2031
43820311576854, 761, 07/2031
43505688807616, 304, 09/2027
44715478047237, 473, 03/2030
46880716700340, 547, 10/2029
44012662086027, 983, 02/2031
47632172101425, 233, 05/2028
48285286345104, 924, 06/2031
46305477875222, 728, 10/2027
43811620278654, 398, 09/2029
41441833561423, 577, 03/2027
40588362613271, 577, 04/2027
45173634663845, 325, 01/2030
42031278714055, 569, 07/2030
46236444810747, 211, 07/2031
44412847365538, 930, 12/2031
45623635805027, 673, 02/2027
46480734114374, 142, 02/2027
40185762227651, 124, 03/2029
47851178507852, 540, 05/2029
48538044166174, 475, 10/2030
42320658326238, 435, 06/2028
47013834270280, 337, 06/2030
42175344620562, 811, 10/2028
40526403745264, 551, 05/2027
46046348526814, 734, 09/2028
45644858264536, 874, 04/2031
48228742041172, 210, 08/2030
42635060400572, 146, 01/2029
47301706075857, 613, 07/2031
40832621267630, 708, 05/2030
47416578075148, 519, 01/2029
41438324048563, 927, 10/2027
47151671328702, 668, 04/2028
42302576862155, 468, 11/2029
47864312463361, 968, 09/2028
42372746626038, 811, 01/2027
40852820173785, 114, 02/2031
44562558803885, 469, 06/2027
44081667512238, 115, 08/2028
40176511428575, 447, 07/2030
40370460617235, 154, 02/2028
46121831567516, 769, 10/2028
43581246163461, 463, 03/2030
43316220211410, 939, 11/2027
47048467516153, 813, 09/2030
48653781735386, 297, 11/2030
45882644536854, 467, 12/2031
43688408453505, 882, 03/2030
45268416768802, 607, 02/2029
42121447685573, 543, 07/2031
40630220083170, 551, 05/2030
46306567562803, 387, 05/2030
44380122167566, 382, 06/2031
46011235143321, 660, 10/2030
44375236206136, 755, 12/2028
45322315827423, 442, 04/2027
45652046550641, 416, 07/2027
44448160288014, 336, 08/2027
48378233038573, 436, 09/2031
47173710788662, 433, 11/2030
44474232455084, 696, 06/2030
43637747663258, 547, 10/2027
46507406586388, 988, 02/2029
47143205056438, 881, 10/2027
46673782317853, 247, 05/2029
48606401150782, 889, 12/2030
48612853015515, 432, 09/2029
44448234062445, 727, 12/2029
41574551632404, 750, 09/2030
47470760071043, 654, 07/2029
41633173281378, 451, 09/2031
47338750167362, 868, 02/2031
41788663040450, 756, 08/2027
46665816424754, 163, 09/2030
46108076038246, 313, 07/2030
42123800430605, 459, 08/2031
47415024701877, 375, 01/2030
48054486177687, 188, 04/2027
47872274855383, 556, 09/2028
47536331020600, 556, 05/2028
42271157515237, 297, 03/2031
46483883173712, 882, 10/2031
48132568128347, 427, 12/2028
46350878117725, 886, 07/2031
43145032234017, 969, 02/2029
47358152684574, 434, 09/2031
48641623533457, 571, 01/2028
45556880722085, 984, 08/2030
40228280602136, 156, 03/2029
48150435011470, 383, 11/2027
44175882106733, 616, 12/2028
41654012761370, 163, 03/2027
44637744055226, 797, 07/2028
47548723608363, 436, 12/2028
43645705071471, 360, 02/2027
46664386272032, 137, 04/2030
43467548560531, 368, 10/2029
45777217227735, 660, 02/2029
42380667705855, 816, 08/2027
46877213408104, 922, 11/2028
44307578822485, 978, 01/2029
45467421223023, 332, 12/2029
43364173751040, 442, 05/2030
41505486483687, 253, 08/2029
48217326362286, 849, 05/2030
48603186046673, 626, 12/2027
40774160554830, 469, 09/2028
44321786583433, 322, 06/2029
45516784380224, 563, 01/2030
40242867663676, 691, 03/2029
44722040420280, 132, 03/2031
41380720836334, 629, 05/2027
42838522716466, 766, 04/2030
47332107207252, 982, 12/2029
40640121714864, 407, 02/2030
45345273486882, 981, 04/2027
45533634224387, 554, 04/2029
45618142620802, 132, 01/2027
41511342264675, 783, 06/2031
43425603805142, 152, 02/2027
45867657626833, 167, 01/2027
46823224666686, 444, 03/2030
44865528807047, 349, 04/2031
45181384244427, 697, 04/2030
44072281361060, 226, 01/2029
45165063383010, 278, 02/2028
43077584131871, 353, 03/2028
43443107162522, 293, 12/2031
47218417327163, 224, 11/2030
48645350013773, 502, 09/2028
40217768160162, 780, 08/2031
44564861102070, 984, 08/2027
46605278035052, 496, 02/2028
43032280042740, 908, 03/2031
47123245714576, 873, 09/2029
41404815127001, 554, 02/2027
40505768853723, 517, 06/2030
42043603604133, 818, 08/2028
46657323277122, 597, 11/2027
47767312718546, 980, 12/2030
40236011046754, 727, 05/2028
47700656242765, 912, 03/2028
47172177752021, 835, 08/2028
41180141301250, 740, 11/2031
46686257787384, 814, 10/2031
43831400740814, 792, 05/2029
42255714364536, 144, 04/2027
45715662533777, 578, 08/2030
46605651788103, 845, 09/2029
48827445708803, 358, 02/2029
42230114811055, 553, 05/2030
43754780373628, 219, 09/2030
40445512876110, 987, 10/2028
40301254725587, 287, 07/2028
47007460102866, 702, 06/2028
44715370724370, 704, 09/2031
46355543850501, 697, 05/2029
42143758244758, 410, 07/2029
40621511747326, 560, 09/2029
41674568885860, 716, 06/2029
45421622010515, 167, 04/2030
46154334280378, 894, 10/2028
44861427832053, 857, 05/2031
43833233880254, 516, 01/2028
44772188001871, 355, 02/2028
44873022173171, 448, 12/2030
44771711170641, 244, 01/2028
46474266311474, 300, 09/2030
48428551172601, 767, 04/2030
40213882118483, 481, 04/2029
43272860268238, 839, 10/2031
47114834006755, 247, 01/2027
43238227500712, 628, 01/2031
43268025554256, 703, 10/2031
45524447113024, 968, 05/2031
48757360374333, 211, 09/2029
42803538356814, 311, 10/2030
43673777758247, 517, 02/2031
43101525838640, 543, 04/2031
42278513614166, 275, 06/2027
47408774708135, 833, 07/2027
44447271710536, 538, 01/2030
40453582707322, 636, 02/2031
48468241317471, 721, 01/2030
45252485217628, 443, 12/2030
43437874263703, 779, 07/2030
41436442506066, 653, 08/2030
45313018115521, 469, 04/2027
48711011768351, 845, 08/2031
44827372534663, 898, 06/2031
41652467568084, 415, 11/2030
45067207572567, 633, 09/2028
46063061135772, 139, 04/2029
43100528627612, 593, 06/2030
44487887530167, 832, 12/2031
48855605826057, 151, 02/2028
46811834187862, 451, 09/2031
42283504131618, 882, 03/2031
42085203270567, 599, 01/2030
44625575333572, 241, 03/2028
48232334044743, 578, 08/2027
48110451856737, 200, 07/2031
41031310301656, 178, 08/2027
42525348483617, 585, 09/2031
45380553115034, 198, 11/2027
44202517567178, 831, 01/2028
44306411848186, 726, 10/2029
40083346715103, 900, 11/2030
48374745718141, 330, 05/2031
42134850884732, 478, 05/2027
44802433860787, 918, 02/2027
40102343250763, 219, 05/2030
42678473432840, 843, 12/2029
48330018234638, 222, 06/2027
43608538327585, 789, 12/2028
40652056583453, 452, 11/2030
48561423360218, 185, 04/2028
45843116024555, 413, 02/2031
41778261018180, 192, 10/2029
46426363801054, 124, 12/2027
48407657745445, 826, 03/2030
47536646324143, 123, 09/2028
41754300406736, 718, 06/2031
46555770408168, 761, 02/2028
47453367636665, 970, 01/2027
45701664556107, 347, 09/2029
45785706612127, 194, 04/2029
45688801833376, 189, 04/2028
44415601242140, 587, 11/2031
46422673737682, 729, 07/2029
45004506071363, 637, 02/2030
40657504848580, 457, 10/2030
43702224657478, 767, 08/2030
44636271023268, 136, 12/2029
43361828506217, 782, 09/2029
43124486220376, 628, 10/2029
42657508557243, 936, 12/2027
44436837761075, 479, 04/2031
44813348868351, 244, 12/2030
41206067211767, 178, 12/2029
47343114271587, 716, 08/2031
41717003887544, 795, 12/2028
40857364838263, 215, 05/2031
43030072047703, 730, 05/2031
42103265637134, 535, 07/2029
44054012432543, 185, 07/2027
40427810571411, 830, 04/2028
41683738348808, 451, 01/2030
42760274550622, 449, 04/2031
40718375852166, 761, 06/2027
41117665717875, 324, 06/2031
45101425463034, 928, 06/2028
44432011464875, 464, 10/2031
44004750204257, 755, 09/2029
42665210262606, 372, 02/2029
43787775353825, 824, 10/2027
44520034385653, 813, 11/2030
45066602413484, 226, 12/2027
46281883354286, 211, 03/2027
47608577510410, 524, 05/2030
46653341853515, 705, 07/2030
42512123276036, 444, 02/2030
46023001380300, 430, 05/2028
42422883855443, 755, 09/2028
41888740525166, 779, 01/2027
42044288853508, 900, 10/2030
44356030213015, 822, 07/2029
43836311443028, 630, 07/2030
44456214362727, 905, 12/2029
46748342680667, 744, 04/2028
42764885273160, 157, 11/2031
45782123284507, 756, 04/2028
47547510020238, 712, 09/2027
43643030260562, 292, 09/2028
45345835515384, 129, 06/2027
46312183167233, 612, 03/2030
44713440712020, 822, 01/2029
48233158023474, 890, 06/2029
45572457545635, 531, 03/2030
42134861511472, 596, 03/2028
47373783281286, 391, 06/2028
47068524512284, 527, 09/2028
45317045707101, 571, 01/2028
43787128178838, 905, 08/2027
43834502617211, 174, 02/2030
41212532160647, 491, 07/2031
47780620516601, 659, 05/2029
42837742875748, 445, 05/2031
47517103081830, 206, 12/2031
42025850862266, 657, 12/2027
45235082502062, 155, 04/2027
46655186227655, 797, 12/2030
41802565614047, 924, 07/2030
47884707328540, 694, 04/2031
47641866285881, 173, 02/2027
41661463047381, 970, 12/2027
44517315502733, 175, 07/2031
43018401011441, 604, 01/2027
42213842061086, 328, 01/2027
42817706328223, 892, 09/2030
43350316452075, 385, 07/2031
46504082006401, 535, 11/2029
43853371123556, 195, 03/2030
43632812522463, 179, 10/2031
41155145613280, 848, 12/2030
40017334681232, 129, 06/2030
42558857100702, 490, 04/2030
44302636010058, 485, 12/2027
42022688423064, 146, 11/2027
42387024487028, 642, 10/2027
40811524464668, 661, 01/2027
41621615820325, 781, 07/2029
47382068271243, 321, 11/2030
41476636330774, 952, 04/2028
48686843385766, 432, 06/2031
46101720027756, 143, 05/2027
43581033415363, 575, 01/2029
40158364018760, 412, 11/2028
43355507211875, 771, 06/2030
43651161061618, 771, 07/2028
45447365142785, 216, 05/2027
42076651123036, 783, 03/2031
44133534125361, 383, 01/2027
45027764346771, 148, 01/2028
44231422455351, 649, 10/2028
40487080244107, 494, 03/2027
48686860137108, 451, 08/2029
47755781420256, 680, 07/2031
47280022158334, 303, 02/2029
47770534407583, 638, 07/2029
42006831370306, 983, 05/2030
42665600875561, 969, 04/2027
43216818386188, 752, 01/2031
44737813520835, 188, 02/2027
47575473624308, 912, 01/2029
43124432168430, 869, 11/2030
44615043284150, 969, 07/2028
46877803422655, 590, 01/2028
47010818245718, 782, 01/2027
41268656708272, 957, 09/2028
44706080807001, 448, 06/2027
44851236312876, 852, 06/2030
47164723324108, 785, 06/2029
40375326281431, 732, 03/2027
46707084533310, 307, 06/2030
46446238874581, 619, 08/2029
42825705306587, 405, 09/2027
41522755444753, 538, 02/2028
44530843308754, 870, 10/2030
48024363218086, 940, 09/2029
45630283154772, 318, 09/2028
44373471626407, 789, 06/2030
43025032737484, 505, 04/2027
43688264846263, 517, 11/2029
47010361347341, 746, 01/2029
41177601146530, 403, 07/2031
42418826673257, 349, 02/2028
40302326040542, 510, 12/2027
47771755401156, 864, 08/2029
43326723547434, 884, 10/2029
46748886633338, 842, 02/2027
47200682272282, 294, 11/2031
40813612733640, 996, 10/2028
48105832828587, 415, 08/2029
44001660846482, 464, 07/2031
47735258157508, 291, 04/2028
42433574618602, 696, 11/2029
48040641462304, 253, 05/2031
41425480877430, 705, 06/2030
46603321161140, 690, 07/2029
47517372045474, 970, 01/2029
43647434063555, 129, 01/2028
45133766707331, 678, 06/2028
43137722272514, 862, 10/2029
48605487812448, 260, 07/2030
44004454627258, 821, 05/2028
48168161545255, 401, 05/2028
40738218350574, 864, 05/2030
45652812466782, 352, 08/2031
41886020203785, 992, 09/2027
42120715113458, 517, 05/2028
40665840831301, 381, 06/2029
41184278676427, 161, 11/2027
43627810013325, 541, 02/2027
43524543134652, 521, 03/2031
41746313144817, 363, 04/2031
46325574877145, 991, 01/2027
47371027815323, 324, 04/2030
42011415580585, 145, 06/2031
40312600654686, 178, 08/2027
41450737854461, 909, 11/2028
45131186420105, 285, 08/2029
47535474286333, 930, 06/2027
42743618584283, 789, 02/2029
46762203118634, 679, 11/2027
44047842030065, 626, 03/2031
40847736725538, 466, 12/2029
42205227287583, 858, 07/2028
40070708087841, 416, 11/2030
48084683752180, 781, 03/2029
45484477241734, 419, 12/2029
41603013051604, 501, 09/2031
43360560847342, 758, 03/2027
45004362141011, 581, 03/2030
42332040470285, 558, 06/2028
46654707710018, 622, 07/2031
41878132427238, 733, 05/2029
43370244157307, 942, 07/2029
41361716227217, 318, 01/2030
44128734501775, 408, 07/2030
40017153784505, 534, 11/2030
40118422774176, 834, 01/2031
45776182826224, 314, 05/2029
44158222154605, 680, 12/2029
41860720330487, 729, 09/2029
44412174218433, 767, 05/2031
40782284161234, 438, 08/2027
40861571411633, 682, 10/2031
41325110032044, 900, 02/2031
43018827623472, 994, 05/2030
46322307784730, 133, 02/2031
40305645082525, 251, 11/2031
45201342230373, 786, 08/2028
44650654815851, 613, 12/2027
46736247147635, 433, 07/2028
42226613442541, 275, 12/2030
42616613073645, 967, 09/2030
43730724517645, 596, 08/2031
45532154470776, 458, 11/2028
42025187418022, 405, 04/2027
48864775175238, 478, 11/2029
41341045314522, 959, 03/2029
40514887264184, 603, 02/2027
42253741006865, 533, 05/2028
42444605677582, 286, 01/2030
48203453172003, 503, 01/2028
41456526135657, 874, 06/2028
45143566756313, 897, 09/2027
48842122066383, 507, 03/2030
43731827742361, 589, 10/2029
41701237640325, 157, 11/2027
41580728027030, 294, 06/2030
42354763288181, 525, 10/2030
48065144707665, 882, 10/2031
41111758515866, 766, 08/2030
43252670138508, 739, 07/2027
42238112060088, 526, 02/2031
44752642303253, 279, 11/2028
41233240168037, 312, 09/2027
45752435048833, 525, 06/2028
45528781661308, 333, 12/2027
43011405750742, 163, 04/2031
45176825166338, 512, 02/2031
42286857124478, 643, 03/2031
46152502885218, 328, 06/2029
44704600802511, 304, 10/2031
47353323584571, 900, 01/2028
48672482487378, 890, 02/2029
43746055742115, 801, 11/2031
40587260406481, 981, 11/2027
46824402533318, 887, 10/2030
44613223315050, 660, 02/2030
44446626527140, 640, 01/2029
42721547857616, 653, 10/2027
43604102161823, 564, 12/2027
40067100883652, 692, 12/2030
47252318218288, 115, 05/2027
47212735721462, 436, 05/2031
42086668088122, 346, 10/2028
46867543510752, 170, 05/2031
44424282883677, 953, 08/2031
41202723441435, 327, 08/2028
40482712486382, 393, 02/2028
43073778878666, 358, 08/2030
40741533410164, 584, 05/2031
46568315874067, 343, 06/2027
40588862811441, 556, 04/2030
42121040415253, 357, 11/2030
48105527751425, 419, 05/2029
46737210237817, 814, 01/2029
48577525336534, 123, 07/2029
43872278223475, 792, 09/2031
48415775172103, 974, 06/2031
40852628662237, 142, 04/2028
47807810182520, 192, 01/2027
45341130860146, 488, 09/2027
40785847242011, 627, 11/2029
40667008683235, 603, 12/2029
47023570824513, 680, 06/2027
41563701556266, 372, 09/2031
48334428227224, 493, 05/2028
45225565563301, 871, 11/2029
46758104645428, 763, 05/2028
44061566671673, 558, 03/2031
46057346062561, 519, 09/2028
46488580271065, 708, 07/2028
44020533113821, 934, 05/2031
47773300735567, 192, 10/2031
41204272824177, 754, 02/2031
47060683343650, 659, 12/2027
45373618568057, 115, 12/2030
45544663566226, 487, 10/2029
46180371348356, 238, 10/2028
43538065666487, 444, 01/2029
47463633427476, 906, 09/2028
41864038516738, 400, 11/2028
40471713825250, 385, 01/2028
47201547432855, 682, 02/2029
45328267715748, 244, 07/2028
43841321413441, 833, 05/2028
46370866007225, 327, 10/2027
44572061131468, 653, 02/2028
43462800882285, 258, 02/2029
46057526311168, 456, 08/2028
45040575031268, 842, 07/2027
45040661070238, 524, 09/2028
43356573580037, 496, 10/2031
47481115663202, 302, 07/2030
43608428714512, 294, 07/2031
44700555638108, 671, 02/2030
45457811544245, 774, 02/2027
46038035253125, 392, 03/2028
40173003222012, 394, 06/2029
43531771231282, 173, 08/2031
43287145072536, 882, 05/2029
43176076372223, 247, 02/2031
44310657500840, 279, 04/2031
47364361852325, 468, 09/2028
48612284317217, 148, 09/2031
44205128850164, 679, 07/2027
40563555436327, 935, 07/2028
42046181255517, 418, 06/2028
41143773262042, 899, 01/2031
46205714707040, 803, 12/2028
43737871584344, 840, 04/2031
45132513752517, 312, 05/2029
44266567750224, 814, 08/2029
44575752000140, 354, 07/2029
47652221723151, 537, 11/2027
41277548752653, 395, 08/2029
41365018870657, 173, 01/2031
44581452008870, 631, 05/2030
43363636852858, 635, 05/2028
45628475545468, 207, 07/2028
43315168182427, 965, 12/2030
48271050134064, 206, 10/2028
42582765864506, 215, 06/2031
43555583585304, 679, 01/2029
48166472336844, 801, 06/2030
40013707542630, 953, 07/2031
41185750658312, 116, 12/2030
43417241505432, 493, 08/2031
41470214760502, 963, 04/2027
42286440774003, 546, 06/2031
44280076105531, 929, 10/2031
44585337355562, 567, 12/2028
41312035288430, 636, 04/2030
41801022334314, 886, 12/2028
48781628162454, 552, 08/2030
43158531825276, 248, 02/2028
46357167451434, 480, 10/2027
45867082661462, 651, 10/2031
46847216888560, 530, 12/2028
46474002742230, 428, 10/2028
46786151480456, 309, 10/2030
44748305548382, 743, 03/2028
44808808228880, 679, 08/2027
40874828227710, 393, 04/2029
43711614117068, 459, 09/2030
43373637410283, 186, 07/2031
44085847148821, 964, 05/2031
42441076546122, 185, 12/2031
47322500115764, 758, 09/2031
40266452554446, 720, 04/2027
40308112236848, 236, 07/2027
47123325832587, 211, 06/2027
45145168337863, 857, 09/2029
46747823164217, 840, 10/2029
47641414651485, 623, 01/2031
46761630331471, 861, 09/2031
46544468384006, 595, 10/2031
42610284316672, 898, 03/2031
40505375814738, 908, 02/2027
47824156317081, 998, 01/2027
48245410761055, 528, 08/2028
44202351026356, 143, 02/2030
48314441508842, 696, 12/2027
44577853885577, 346, 09/2028
47327810646713, 705, 09/2030
42146105422381, 314, 05/2027
44735460601031, 205, 04/2028
45825182315637, 519, 07/2027
46717410352624, 688, 12/2028
44835228154867, 698, 01/2030
41370667847311, 857, 01/2031
43551287582234, 230, 03/2029
44311424258035, 990, 05/2027
45662883332805, 472, 08/2031
40488076652774, 626, 11/2029
44358803058676, 516, 01/2030
48443804461842, 328, 01/2027
48811523018335, 625, 09/2029
48616600667833, 370, 12/2027
42856406657481, 235, 01/2031
41435274873461, 902, 09/2031
42011806647530, 114, 04/2027
46542750841030, 184, 12/2027
43762340274228, 677, 06/2029
42778845044461, 639, 03/2031
45077110243222, 197, 08/2027
42072784172024, 360, 11/2031
48388002500026, 672, 01/2027
48128653540156, 941, 01/2029
43671443064131, 939, 05/2031
46183576247167, 135, 02/2027
47007860125525, 981, 03/2027
48006441523306, 766, 07/2031
48331037735647, 888, 10/2029
46860322803316, 804, 08/2028
45576431367461, 456, 02/2030
44750454760404, 736, 05/2029
42577746227260, 316, 04/2027
48236821171711, 712, 02/2027
40528723258556, 848, 01/2030
47475568477110, 824, 01/2031
41004024781208, 508, 02/2031
48647850542871, 131, 11/2029
44828027877101, 338, 03/2027
46074476116604, 664, 06/2029
46112067328483, 555, 06/2031
41046350136358, 992, 05/2029
47837227836178, 732, 07/2029
48006754147446, 242, 01/2030
46524106185270, 710, 10/2029
45060677343171, 595, 10/2030
41318013274847, 503, 01/2029
40384017715517, 410, 04/2027
41056063863628, 829, 08/2029
47473326738352, 509, 05/2027
40782274086003, 349, 03/2027
41325431017872, 506, 12/2027
43818705760845, 714, 10/2027
41031758560235, 560, 05/2028
45363358878626, 567, 03/2030
41620361058288, 581, 03/2027
43471714361666, 911, 08/2027
46028776478734, 703, 03/2027
45547375306757, 709, 05/2030
46317513481584, 299, 08/2031
43423316210080, 413, 04/2028
42314738004410, 163, 11/2027
43422375722852, 931, 12/2031
43801745740712, 880, 06/2031
43081602288085, 253, 07/2028
48167440135367, 517, 03/2031
46178307428748, 222, 05/2029
46477640876336, 155, 06/2031
42563003718753, 692, 09/2031
40654158482410, 671, 12/2029
40503208350426, 130, 05/2031
40524672852200, 740, 03/2028
48567617087103, 314, 10/2027
44613704610631, 980, 09/2028
42652448774016, 929, 01/2030
46720837033066, 379, 07/2029
41883507826121, 754, 03/2031
48832135015881, 151, 03/2028
45610141056245, 492, 05/2030
42283226032615, 496, 08/2030
46104737860565, 576, 09/2029
48372480354825, 610, 09/2027
46251070414722, 464, 11/2029
46271236364025, 146, 06/2029
48121114535824, 636, 05/2030
47075380160827, 194, 06/2027
48151375336240, 527, 05/2027
42746475535843, 861, 06/2031
43470361168382, 451, 06/2031
45313608835314, 735, 05/2028
45264140063107, 293, 06/2031
43080544051783, 733, 09/2027
47160840470113, 112, 09/2028
46451336017141, 147, 11/2028
43834432872811, 472, 05/2027
46710575172473, 774, 08/2028
42240112478633, 528, 08/2031
40387622580168, 323, 12/2029
44354344205132, 606, 12/2030
41763470084074, 761, 02/2027
44156240437267, 439, 08/2028
47410346444264, 299, 01/2030
46217353237056, 264, 04/2030
48864787023673, 434, 03/2029
45433457265726, 582, 03/2028
42805175876277, 300, 03/2029
43725435651550, 431, 10/2030
40855441582581, 309, 08/2029
43867450426375, 459, 02/2027
42220335844415, 341, 01/2029
46704187073161, 626, 05/2031
44405221638843, 592, 03/2028
40047186713650, 948, 02/2028
41056603885578, 730, 09/2027
46638522575862, 905, 03/2030
48644362064445, 608, 06/2027
41272717012088, 736, 09/2031
42727454745462, 120, 05/2027
47728441024024, 261, 06/2031
47158805067858, 860, 01/2031
41536715641464, 146, 02/2030
48368202077785, 427, 05/2031
44881023334767, 826, 11/2030
46281171377247, 368, 05/2031
44540340638868, 582, 12/2027
48662833016067, 661, 07/2028
47275321016753, 243, 06/2028
43751005311672, 411, 11/2029
47461758023724, 253, 02/2031
47151005727348, 378, 03/2031
45732743032281, 634, 06/2031
43208563753621, 290, 06/2027
48287382334883, 692, 08/2031
43760312753724, 395, 07/2027
48010008615281, 166, 02/2028
46830700003581, 665, 02/2030
40055211168840, 171, 04/2028
41132884823826, 664, 01/2027
46582606840208, 240, 11/2028
46573876300247, 879, 11/2028
45761425446832, 758, 03/2029
48382762652887, 209, 09/2029
48485145064314, 997, 08/2029
48223420466817, 628, 12/2029
48048313376801, 423, 03/2031
40585443330131, 924, 07/2029
45314305487334, 148, 02/2028
45401060400584, 989, 05/2029
41021233401618, 320, 10/2028
45071180217828, 400, 03/2029
46012805643716, 145, 12/2029
46707872735721, 171, 03/2029
42614325130118, 422, 10/2030
43513118700526, 933, 08/2029
40637070286647, 480, 07/2027
47033574524258, 606, 08/2031
43845440818158, 117, 07/2028
48682414414804, 487, 04/2031
41226525228104, 705, 08/2031
43061311848635, 612, 02/2028
48881272258705, 192, 04/2030
44311488532622, 521, 08/2027
46532860884145, 262, 03/2030
44023065503013, 152, 12/2031
46150680588836, 283, 10/2031
42047103771847, 119, 02/2030
47315661133204, 192, 01/2031
44855037245136, 834, 01/2028
45611023877864, 872, 09/2030
40728101822433, 770, 03/2030
48580213121044, 941, 01/2031
45348832566384, 582, 06/2029
47150081626036, 467, 02/2027
47584255635201, 816, 10/2031
46517856754550, 830, 09/2031
48582806662145, 839, 01/2027
48158242432144, 372, 10/2027
40353463838131, 396, 11/2030
44330868067553, 688, 07/2027
48204621671421, 291, 06/2029
45742423638448, 321, 08/2029
41448406330003, 429, 08/2029
40722221121834, 319, 09/2027
48234085221785, 394, 04/2028
41140606170053, 769, 08/2030
41463528777247, 860, 02/2027
41745885018540, 317, 08/2031
43625167767253, 745, 03/2030
42312588738160, 965, 03/2027
46331225361182, 480, 07/2027
45612288642720, 189, 06/2027
45281765104305, 361, 02/2029
46538235348427, 149, 04/2030
40030477307382, 173, 09/2031
42154352601061, 166, 10/2030
45064785420228, 303, 06/2028
44818455448541, 159, 08/2028
45046663361400, 619, 06/2029
40151063231545, 608, 04/2027
46853538538768, 244, 03/2028
40845206533366, 689, 12/2030
43240832157052, 927, 06/2027
43008185433457, 205, 03/2029
42711334363621, 814, 11/2029
47202680760011, 562, 10/2029
42467888834133, 741, 04/2030
46823007580633, 175, 08/2031
42874104802432, 779, 01/2030
47005560011847, 494, 07/2029
40430757557831, 545, 08/2030
46201466635000, 899, 05/2028
47256474154005, 884, 07/2029
46486471353117, 708, 04/2027
46823310661815, 773, 05/2029
42036281404842, 513, 11/2031
45507260215018, 502, 11/2030
41430767226731, 954, 04/2027
43078423716120, 626, 12/2030
46450437625034, 759, 04/2029
40822588405372, 311, 10/2028
45665840578287, 706, 12/2028
40542220883428, 395, 07/2031
47534121165628, 651, 03/2029
46337378025425, 769, 11/2029
46041321012684, 358, 03/2031
42382278008588, 739, 10/2028
41064737482080, 772, 05/2031
48336648338673, 378, 01/2030
46852262524846, 952, 12/2030
45357570361353, 161, 08/2028
45034518788712, 641, 09/2031
40270661876640, 299, 02/2029
40522567411033, 244, 08/2027
45837124270861, 328, 02/2030
44238345131167, 846, 05/2030
46060738274885, 184, 03/2030
45212260472772, 990, 05/2027
48612127655856, 244, 05/2031
47638556563874, 926, 03/2030
41130268123375, 796, 12/2030
44006871258278, 876, 05/2030
45650344513782, 875, 03/2030
47505636606678, 747, 11/2027
40742035431633, 973, 04/2030
40606664080336, 911, 07/2031
46253234142405, 136, 05/2028
42066546384570, 660, 07/2027
45821200681365, 585, 12/2031
42331641115588, 943, 05/2027
46845217430317, 697, 05/2027
43173074238332, 598, 12/2030
45763655664258, 877, 05/2028
41877506340274, 770, 08/2030
45068063474682, 980, 06/2028
42645216213704, 325, 05/2029
47133345261865, 211, 06/2027
42377707617546, 283, 08/2028
40580063168622, 508, 08/2031
41702832365771, 283, 05/2029
42042373336173, 356, 02/2027
43174780546448, 222, 10/2028
40713881070536, 885, 05/2029
46742553107726, 359, 09/2028
45370140813720, 615, 04/2030
40825867565022, 895, 09/2028
41885283005135, 721, 06/2028
41664838410144, 870, 03/2031
42682865078005, 752, 05/2031
45365675664555, 763, 02/2031
42480102237637, 680, 10/2029
46848241546546, 141, 04/2029
42714438847002, 653, 08/2031
44331174415874, 315, 01/2028
40808136366752, 845, 10/2030
43162587323343, 369, 01/2027
46041726168040, 770, 10/2027
42081473257376, 217, 10/2028
42831680206602, 735, 01/2029
41818258223664, 251, 07/2027
42004653752586, 990, 04/2028
40123011747773, 388, 04/2029
46673588015230, 900, 05/2030
47254655828356, 205, 10/2031
42714055267666, 543, 10/2029
42634500781824, 867, 03/2028
43511272567822, 436, 06/2029
41327103047260, 740, 08/2027
46237130776705, 669, 01/2027
43065464817883, 185, 02/2030
43658253768257, 876, 07/2029
45145803661040, 727, 08/2030
42440747853248, 644, 02/2029
41000280346306, 237, 02/2031
46467342037725, 611, 11/2031
45448247487547, 764, 02/2029
43830615463816, 412, 08/2030
41565618761715, 201, 01/2027
46734233470186, 503, 09/2027
44734355534274, 800, 11/2027
48147274011165, 307, 03/2031
47383055572056, 388, 05/2031
45124447535241, 809, 01/2029
42721288664007, 660, 08/2029
41243460847137, 242, 07/2027
44326476185266, 797, 11/2027
41818776028868, 902, 04/2029
44002125836407, 305, 05/2030
48386444881350, 539, 09/2029
48270642272200, 238, 01/2030
45287000446724, 366, 11/2031
46633253804623, 488, 07/2030
44215558376564, 869, 01/2031
41741861101251, 737, 07/2030
48476627572726, 361, 06/2028
42455405416583, 505, 06/2031
46241287051268, 806, 06/2031
44363186404042, 982, 04/2030
41026342472814, 954, 02/2027
40258531616502, 711, 03/2031
45055070514675, 304, 03/2030
40702222637673, 687, 11/2031
41088816077826, 862, 01/2030
45182138106466, 894, 11/2029
48877356747472, 838, 12/2027
40046414283643, 810, 04/2029
43520773181785, 413, 10/2028
48177006427355, 313, 01/2030
41734218032063, 647, 05/2031
40061672835703, 820, 10/2028
43637616552764, 926, 03/2027
41555787755853, 584, 02/2029
43822528331511, 333, 06/2027
42752374181168, 948, 12/2028
44536856774683, 424, 02/2027
46106804647825, 262, 10/2027
46805263710764, 518, 12/2028
47683878852886, 250, 03/2030
44725512554718, 620, 07/2028
44740648658820, 765, 03/2029
48184557182306, 135, 03/2027
40545700637123, 654, 12/2027
46684453518182, 882, 05/2031
40465750182542, 759, 12/2029
42703864252464, 242, 08/2028
41763807635085, 771, 08/2027
44010571005773, 641, 10/2027
46783032223205, 662, 03/2030
41802621746171, 121, 06/2028
40454226054881, 692, 06/2027
45325813658430, 259, 12/2029
44371412644372, 405, 12/2030
46437445348501, 696, 02/2027
46681817210001, 890, 02/2031
46173818700222, 550, 10/2029
46254718144388, 449, 05/2031
40430630318351, 587, 12/2029
40434277837442, 781, 03/2028
47545064382178, 837, 08/2027
43036145013366, 419, 01/2028
46188737382340, 537, 01/2027
43548241686820, 263, 06/2028
5418615483326864, 956, 10/2030
5425664843303867, 210, 04/2029
5712015307402046, 610, 06/2028
5487837388753838, 602, 11/2031
5503282144323552, 798, 01/2029
5732887010668246, 125, 03/2031
5403062722814763, 377, 07/2030
5648105072848702, 518, 08/2030
5363578378314780, 257, 06/2030
5276821714707135, 297, 07/2028
5083082710204022, 479, 07/2030
5567160061217218, 723, 05/2031
5330308223188514, 494, 01/2028
5431337723865634, 797, 12/2030
5401050682240147, 519, 03/2027
5783450250782660, 939, 06/2027
5835138056611468, 188, 04/2029
5620163771062515, 414, 05/2027
5622747810622632, 356, 08/2030
5786276777853602, 706, 11/2027
5626614420670276, 759, 09/2029
5200233441342668, 271, 09/2031
5647828737565152, 807, 09/2030
5824337502868473, 960, 06/2031
5141624365734652, 988, 07/2031
5774425111183374, 119, 08/2029
5447282587285556, 464, 08/2027
5628816246814438, 698, 11/2028
5035457165710716, 674, 07/2027
5602741884474115, 294, 06/2030
5653316028057676, 827, 03/2031
5572804448115867, 279, 11/2031
5220480625610172, 364, 12/2028
5718830167705575, 972, 10/2029
5666134731655073, 909, 05/2031
5062225582340243, 324, 04/2029
5702531783173283, 409, 11/2028
5802521676633658, 625, 12/2028
5068275655501084, 837, 07/2028
5064838080431583, 505, 06/2031
5528116205027135, 638, 10/2028
5573471273166800, 591, 11/2029
5615386748662268, 409, 03/2027
5771085432056833, 782, 02/2031
5402751622718402, 910, 12/2031
5406375530423511, 373, 12/2027
5016182448042801, 610, 04/2030
5348201601472180, 715, 12/2028
5480242376340358, 622, 05/2030
5106255327211225, 879, 06/2027
5511817841228560, 620, 09/2030
5281768148551667, 195, 10/2028
5822150750815423, 553, 03/2030
5623024828561437, 290, 11/2029
5672611276784675, 844, 11/2030
5824073432881753, 865, 07/2031
5101017267087105, 993, 12/2031
5762272368166155, 147, 04/2027
5632032763864814, 906, 07/2027
5181386701337753, 995, 06/2031
5557120156866503, 198, 10/2030
5837373454702035, 870, 01/2029
5124834886624222, 764, 01/2031
5428811658826477, 905, 02/2027
5110134863848084, 370, 04/2027
5520778113201850, 360, 06/2029
5250673762134583, 366, 09/2031
5763016503406664, 698, 01/2027
5452824622251820, 843, 11/2029
5653374751137041, 295, 12/2029
5721362588028861, 508, 10/2030
5457662816462422, 674, 02/2030
5814306008684868, 765, 04/2027
5675366405524370, 801, 11/2027
5248313023554288, 357, 04/2030
5746761788141880, 329, 12/2031
5001646677377606, 163, 09/2030
5610685033222042, 360, 08/2030
5134818104853117, 774, 09/2031
5544228164882101, 598, 08/2031
5211804510348773, 895, 04/2028
5704218115080208, 775, 01/2028
5404150030562601, 257, 04/2030
5816066148723541, 298, 06/2030
5623383424882450, 163, 04/2029
5371801046550183, 701, 06/2028
5766402376057684, 431, 02/2031
5854646776065167, 387, 02/2030
5165353467427863, 546, 05/2027
5433570325415774, 218, 07/2031
5807566752345367, 642, 09/2030
5260527520280807, 187, 12/2031
5838420813145866, 493, 11/2030
5477648026685288, 141, 02/2030
5574204666740645, 466, 04/2028
5705835820282263, 734, 12/2028
5613388186122112, 168, 12/2029
5521408763224866, 523, 06/2031
5747530202671825, 495, 05/2031
5171164286085663, 632, 08/2029
5563803034863576, 290, 02/2028
5302784108012884, 544, 09/2028
5064256443822705, 345, 08/2031
5268038753710652, 607, 04/2030
5651617146706868, 993, 05/2031
5534015245846201, 576, 11/2031
5874322267676773, 749, 02/2031
5565052016580273, 353, 10/2027
5873256730378453, 202, 09/2030
5083884355546363, 293, 02/2029
5283165520313014, 980, 03/2028
5466524755265555, 159, 07/2028
5022611883118587, 609, 05/2029
5286042180283638, 943, 06/2027
5133460000212584, 861, 08/2028
5827048561765040, 156, 06/2027
5013803680203073, 468, 05/2029
5568712671368820, 301, 04/2030
5288411603041477, 992, 02/2028
5245381303565350, 268, 03/2027
5874862034232871, 118, 02/2030
5803772288084116, 186, 03/2031
5167023250316627, 163, 10/2029
5866505608813127, 720, 11/2028
5722357504310152, 222, 02/2027
5187731658867035, 267, 01/2027
5004501325335265, 448, 10/2030
5018132103357612, 229, 02/2030
5614248650105077, 216, 11/2028
5073663060583305, 356, 01/2028
5233842774281201, 182, 04/2031
5223574082286513, 995, 12/2030
5002452334466380, 984, 01/2031
5417844864686107, 563, 03/2029
5184251341128672, 401, 07/2031
5331054301877680, 208, 07/2031
5174311638351346, 129, 03/2029
5887101585702726, 332, 06/2027
5605314001731770, 747, 10/2030
5082225502831814, 863, 02/2029
5622602161214713, 981, 10/2031
5030501020177267, 307, 01/2027
5312858805738328, 445, 11/2030
5535502845506227, 429, 06/2031
5032167248030536, 519, 01/2029
5653662127777080, 910, 04/2028
5655176383766826, 411, 11/2027
5555775450748277, 960, 03/2028
5784806188622121, 719, 06/2031
5320263422412706, 940, 08/2028
5430476210187473, 441, 04/2031
5752258281234164, 403, 03/2027
5134730018433011, 880, 10/2031
5253335515073172, 987, 05/2030
5350811856053553, 987, 05/2030
5532858147085432, 903, 09/2027
5458721888088884, 523, 05/2029
5181702752122243, 771, 10/2028
5556227861661177, 245, 07/2029
5775746302041405, 423, 03/2028
5718433781541243, 397, 07/2027
5257540332420151, 853, 06/2030
5124842672005530, 361, 03/2027
5010126251772364, 744, 06/2028
5327433242448320, 266, 05/2029
5015186733174238, 683, 04/2028
5075422430765508, 295, 07/2029
5200161602628874, 896, 09/2029
5545582422145027, 722, 05/2031
5807434680830556, 872, 09/2029
5330575131283526, 625, 06/2029
5463032485162137, 570, 10/2030
5725172716066014, 416, 05/2029
5528453664363234, 219, 11/2027
5384018131075068, 698, 08/2030
5565281348748452, 887, 08/2031
5117146878554708, 574, 07/2027
5426450702606551, 351, 07/2030
5311082215670762, 122, 02/2029
5447458023040033, 507, 10/2030
5408025818345252, 246, 12/2027
5644500033534066, 537, 03/2031
5387436373005451, 526, 08/2027
5107225445702438, 563, 10/2031
5783163633365778, 138, 12/2031
5774763852776257, 898, 06/2030
5566862846844742, 827, 06/2029
5412522804414088, 372, 01/2030
5751770633076656, 211, 11/2029
5083843220883567, 742, 04/2027
5761354864543805, 552, 02/2028
5451258335716681, 711, 09/2027
5020772530462612, 199, 10/2028
5543684234872350, 998, 08/2030
5383753635160708, 953, 03/2029
5144762773015350, 210, 02/2028
5278107565724512, 235, 12/2030
5568221530018006, 764, 09/2027
5476454405733067, 706, 10/2027
5266066028228517, 523, 04/2028
5046118643723732, 179, 09/2029
5835331751748681, 720, 12/2030
5221864745827361, 414, 08/2031
5773801187246140, 877, 08/2028
5240337231427514, 822, 04/2031
5141675555034147, 706, 01/2027
5837012458583542, 296, 09/2030
5607001701542700, 767, 05/2028
5052301632231781, 366, 02/2031
5361707643434550, 821, 12/2028
5323568153016857, 293, 09/2030
5068742635756617, 302, 11/2030
5272486686275166, 531, 06/2030
5031314641417248, 691, 01/2027
5542607335772808, 869, 01/2031
5164265352310106, 355, 03/2031
5415634801818372, 616, 03/2031
5002467000537108, 579, 04/2027
5418644675086763, 671, 07/2028
5081663751838273, 910, 06/2029
5775633367734480, 790, 12/2030
5814582380012312, 168, 02/2031
5775846350142533, 313, 11/2030
5116525843726445, 600, 07/2028
5714760267077316, 674, 12/2030
5248832441486088, 326, 07/2031
5002535225376187, 485, 04/2031
5668553234046258, 574, 04/2030
5213278266087620, 114, 12/2030
5334416018145163, 783, 07/2031
5323535545368155, 167, 08/2028
5068505151572605, 735, 05/2028
5240638731828154, 214, 09/2027
5421332260767766, 677, 05/2029
5658633235553346, 859, 01/2029
5122525368150320, 682, 05/2029
5143466243172236, 923, 10/2027
5788134851027460, 357, 02/2031
5676102184471577, 893, 12/2031
5808316154625282, 829, 05/2028
5247350048167556, 175, 06/2029
5737204468161044, 964, 01/2031
5770531140578437, 435, 11/2029
5331130327060780, 861, 09/2030
5406715535750733, 193, 11/2029
5023638248365453, 832, 04/2030
5776774846172634, 377, 08/2031
5040425783885437, 360, 02/2030
5836237473578117, 345, 11/2030
5347705387343457, 792, 12/2030
5604822662656517, 127, 12/2028
5145774250505653, 394, 05/2030
5730441064082656, 804, 09/2029
5726666271341042, 432, 07/2027
5053533108183232, 271, 11/2029
5686755282274777, 481, 11/2027
5587031145118605, 208, 01/2031
5738661532742027, 910, 10/2028
5457786343273158, 116, 07/2031
5707402321376827, 235, 04/2030
5771740017115640, 268, 08/2030
5422050407468317, 137, 05/2031
5340340237703432, 341, 11/2028
5716063830521474, 202, 03/2028
5276270211377242, 818, 01/2030
5742342088545148, 911, 12/2031
5684564653652336, 893, 11/2028
5414351765516436, 643, 04/2027
5632236333254451, 661, 05/2030
5182562473263737, 798, 02/2030
5755867215377860, 394, 03/2027
5257380823437103, 947, 03/2031
5027316548508868, 737, 11/2027
5486376007172063, 558, 07/2031
5282713038363434, 918, 02/2027
5162028600505816, 718, 01/2030
5836052408482214, 611, 03/2027
5721166731731168, 677, 02/2031
5828701456227570, 934, 07/2029
5722323318603000, 788, 08/2027
5415348558412475, 485, 07/2030
5563067257057262, 755, 03/2031
5653415557042040, 245, 02/2027
5304554200066536, 438, 07/2029
5474541560604133, 251, 12/2030
5820856746087586, 242, 12/2028
5310664522553525, 890, 05/2028
5872522050820346, 727, 03/2029
5601246053270352, 344, 06/2030
5515262485084787, 436, 05/2030
5152775487324180, 561, 08/2029
5358103123253022, 692, 06/2028
5340672107018164, 339, 11/2027
5363011277302037, 580, 08/2031
5602131524540782, 825, 09/2028
5815247701128127, 898, 03/2030
5772611774728447, 893, 08/2027
5831208008288741, 380, 03/2027
5802546556042738, 349, 11/2031
5064750313403323, 445, 02/2031
5333724652846348, 538, 03/2028
5005188272766467, 675, 07/2029
5876176708734403, 395, 06/2028
5785267755476541, 604, 05/2029
5172706501456167, 632, 04/2029
5436861732833833, 994, 11/2029
5044831700253870, 433, 10/2028
5223133285025556, 749, 09/2029
5553338005040526, 604, 12/2027
5032362676868628, 327, 11/2030
5436308668278153, 259, 03/2027
5041772004447474, 166, 06/2031
5554665323704022, 829, 04/2029
5557010327873563, 156, 03/2030
5265328137417550, 649, 08/2029
5120328261144041, 393, 09/2030
5343135047131536, 170, 05/2031
5057022364683057, 836, 10/2029
5626672381520856, 373, 02/2029
5575011431857243, 887, 06/2030
5613337307766562, 122, 10/2029
5080637360220371, 713, 02/2030
5422232568038507, 325, 12/2029
5785116761662703, 978, 04/2028
5723114247485240, 656, 01/2031
5318322652186317, 801, 01/2031
5307784011313051, 319, 04/2027
5364020443256810, 991, 09/2028
5508845357664261, 339, 06/2027
5775622584527561, 440, 01/2028
5802142507487857, 945, 12/2031
5721704884446224, 445, 04/2029
5562176426016215, 875, 09/2030
5476744414506847, 444, 01/2027
5773437748475835, 775, 04/2027
5145208045614751, 957, 01/2027
5557573565157502, 476, 10/2031
5857474261122162, 237, 03/2028
5201545523567535, 231, 01/2031
5261012017653013, 627, 05/2029
5753115152284265, 840, 08/2027
5677038320054621, 506, 12/2030
5171675117633363, 862, 10/2030
5042305024261671, 787, 05/2030
5424288237101124, 634, 01/2031
5415283770583458, 401, 06/2030
5425424575551872, 401, 05/2029
5701381568008788, 891, 07/2027
5077755612718144, 219, 09/2031
5331754058458325, 816, 02/2030
5130753227813322, 684, 06/2028
5134515805003162, 933, 02/2030
5852132516474367, 621, 02/2028
5805187620457474, 514, 02/2030
5825321726065115, 859, 01/2029
5884882881783535, 322, 07/2028
5648086060020514, 843, 06/2028
5070214722531572, 272, 08/2027
5145450077301705, 391, 01/2031
5673610271034572, 888, 07/2030
5817883718645832, 713, 05/2027
5662475712328733, 308, 10/2029
5311314842673426, 432, 09/2030
5234283351050538, 321, 01/2027
5677858821104207, 530, 04/2031
5766603822160267, 871, 04/2027
5403178885304028, 456, 02/2027
5732314718850414, 506, 03/2028
5740078862535382, 423, 08/2031
5727302275386226, 142, 05/2027
5418307208013312, 293, 02/2029
5475305253466773, 358, 10/2029
5545032215131842, 378, 06/2030
5337443645825048, 752, 02/2029
5722755633123760, 291, 04/2031
5848867364157807, 504, 04/2027
5808811750568662, 915, 02/2028
5677716447856818, 386, 01/2029
5304066103723550, 562, 01/2029
5288360473652378, 139, 07/2031
5787840533387012, 405, 12/2030
5432868214547470, 411, 06/2030
5530028577166217, 288, 12/2030
5838286838725374, 339, 04/2027
5678877505576620, 575, 06/2031
5167435780237364, 305, 06/2029
5430267185737305, 966, 08/2028
5638355615182265, 898, 04/2027
5884135770221087, 528, 02/2027
5885276840762103, 746, 02/2031
5615057707336612, 957, 12/2031
5217578806415348, 338, 11/2030
5888085146644254, 630, 02/2029
5832724648318663, 715, 12/2027
5513046205203310, 603, 12/2029
5634532555518526, 148, 03/2027
5454021504733607, 521, 09/2030
5845417085287781, 588, 06/2027
5030507066010726, 576, 10/2030
5872786426301170, 421, 07/2028
5527870745263813, 191, 04/2031
5457407385718220, 387, 10/2030
5002716158034320, 713, 11/2030
5083745053264387, 939, 04/2027
5426753357144228, 788, 07/2030
5711275718816488, 809, 06/2030
5300336500402437, 344, 06/2027
5542246316120271, 835, 02/2030
5507021237883007, 654, 06/2031
5845375265213805, 884, 05/2027
5503672877063443, 582, 12/2031
5505164657766484, 273, 10/2028
5464654248406342, 454, 10/2028
5026524142045630, 989, 06/2027
5315176616847312, 384, 10/2029
5834765010487402, 366, 09/2027
5023782831435263, 818, 11/2031
5071605430770338, 839, 10/2030
5043802240722766, 265, 02/2028
5460006622632163, 670, 02/2031
5640025232602757, 168, 11/2027
5373824331275678, 828, 04/2028
5187373428180033, 240, 06/2030
5046075388234368, 566, 05/2027
5612356867365566, 614, 11/2027
5634400432332026, 863, 05/2031
5281407156228708, 963, 05/2031
5574303327880434, 769, 09/2027
5164567115278888, 731, 04/2031
5453857184786287, 820, 02/2029
5777772081416418, 270, 07/2031
5147802385376803, 178, 04/2028
5732333480742534, 122, 02/2028
5245135867243782, 185, 03/2031
5738157236433344, 531, 11/2029
5064260477361556, 226, 11/2030
5841576686420853, 171, 02/2028
5717360346008163, 253, 02/2027
5587418260347434, 446, 05/2027
5872705746320884, 443, 11/2030
5014110321351801, 194, 10/2031
5746244862787670, 888, 02/2028
5806813457042266, 473, 09/2029
5762711888652780, 908, 03/2028
5011703628172871, 656, 12/2028
5070034367705780, 613, 10/2029
5664151062423550, 907, 01/2031
5231402515550406, 241, 05/2027
5037000216438842, 601, 03/2027
5086805742032004, 474, 04/2031
5860512832216131, 161, 07/2027
5201555230826462, 698, 11/2028
5376010742435542, 618, 11/2030
5115204047812176, 627, 07/2028
5051045475821577, 167, 09/2028
5136585523653448, 207, 11/2028
5242018500731483, 578, 03/2028
5664586648058083, 244, 01/2028
5545027255871422, 979, 02/2027
5818220657370370, 690, 06/2029
5602103770561200, 185, 03/2027
5624232846548513, 409, 03/2028
5651280750764333, 660, 02/2030
5171215457378467, 146, 12/2027
5604035114522258, 225, 07/2031
5535601476211667, 607, 03/2029
5687156055002678, 531, 03/2030
5472345351526600, 273, 12/2030
5128676110384073, 451, 07/2028
5460732884726241, 779, 08/2029
5157536343854678, 444, 04/2027
5130030562316017, 895, 12/2030
5601805855067405, 211, 05/2028
5134523370035601, 849, 04/2030
5708023050181573, 647, 09/2028
5587518406700774, 437, 08/2030
5138482333423477, 878, 09/2028
5845122310167481, 407, 10/2027
5183255426877153, 230, 04/2027
5403021136038450, 731, 03/2030
5376510180380662, 921, 06/2030
5741833165027183, 542, 02/2028
5256600581545867, 255, 05/2030
5044740258077245, 736, 11/2029
5580806037570451, 945, 02/2028
5584187315818722, 625, 06/2029
5820812633243444, 803, 12/2028
5061130035437581, 423, 10/2031
5153041327150502, 274, 12/2028
5134104871380166, 471, 04/2027
5474544344027134, 391, 03/2030
5531755541764086, 706, 11/2029
5448321513881358, 265, 09/2029
5843162514406436, 521, 01/2030
5850331345315864, 164, 11/2027
5276447680062535, 744, 11/2031
5058821423075315, 456, 12/2029
5664138155216330, 459, 02/2028
5412432344075102, 349, 09/2027
5204738276838347, 960, 08/2029
5444738066806876, 406, 12/2028
5336616338623116, 799, 08/2031
5224388840626848, 805, 09/2027
5446680327117743, 178, 09/2029
5170052660718085, 810, 07/2029
5107816715045506, 784, 04/2029
5575087435270328, 247, 04/2030
5543704667054084, 934, 02/2029
5425230643152670, 769, 12/2031
5187462462418704, 140, 05/2031
5157111787555734, 837, 02/2030
5754070652073115, 873, 09/2030
5267810480053783, 729, 10/2029
5063345665326130, 760, 04/2031
5644856508425853, 768, 10/2031
5725575685507182, 806, 03/2027
5168455756107663, 846, 02/2031
5123028653447443, 837, 10/2028
5662175625256332, 356, 02/2029
5885152521665008, 819, 10/2027
5606175306206746, 856, 10/2030
5657204010017351, 628, 06/2028
5278374745635758, 676, 05/2030
5526274803872733, 468, 02/2028
5475633461565627, 488, 06/2029
5502573585603648, 273, 03/2027
5303651024876081, 484, 08/2029
5341371150283432, 661, 06/2029
5585013756020215, 654, 12/2028
5615510701080552, 195, 04/2029
5070755513873045, 590, 05/2027
5124336223800580, 190, 05/2027
5400054781563228, 707, 08/2029
5227350466347742, 744, 04/2031
5433836112757433, 177, 07/2030
5817852887857080, 830, 04/2028
5185714002060046, 166, 08/2031
5818042542162253, 905, 11/2031
5633540064287815, 251, 04/2030
5176053003846215, 194, 05/2030
5364208753540580, 633, 03/2030
5187727115466080, 446, 09/2027
5142806883574855, 379, 08/2029
5338487370267123, 916, 06/2029
5148080288545506, 348, 04/2028
5306650183244716, 965, 11/2030
5414252163222603, 954, 10/2031
5755072668033736, 821, 06/2029
5067665023022576, 581, 11/2027
5431473203578684, 164, 06/2030
5042531426151562, 955, 01/2028
5826264832683117, 964, 09/2031
5712815236030242, 942, 04/2028
5281863425263530, 915, 02/2027
5347574882065233, 936, 03/2030
5684868745061822, 261, 10/2028
5502406205171672, 208, 05/2028
5885877345527717, 263, 07/2031
5354053756444865, 794, 04/2027
5150277626002787, 859, 08/2027
5428503588866638, 564, 11/2028
5336154637651711, 455, 12/2030
5047347124238527, 399, 11/2027
5527636454828215, 207, 06/2027
5608553213615654, 790, 04/2031
5276534782355741, 853, 05/2029
5054777134583803, 426, 09/2030
5286403075135228, 239, 04/2031
5711444560873555, 484, 12/2030
5148734065772085, 433, 03/2028
5528271143287752, 636, 09/2030
5120515727214307, 947, 08/2030
5041333346377448, 201, 04/2029
5361666246783203, 144, 02/2028
5614245214185033, 629, 07/2028
5010447371752320, 366, 11/2028
5857360145071206, 688, 08/2028
5345134746000025, 615, 11/2031
5735288201868033, 673, 08/2030
5472244548744616, 521, 12/2030
5158540104100734, 877, 12/2029
5781548555123738, 130, 01/2027
5788483104710756, 989, 03/2030
5236483525221761, 195, 08/2028
5177208851852355, 739, 06/2029
5635773731057877, 619, 02/2028
5443317324408311, 550, 01/2027
5246034572714253, 829, 12/2030
5262541037536260, 244, 05/2028
5756054147703450, 669, 11/2031
5735486711236101, 958, 01/2027
5340747365745516, 687, 09/2030
5608726830057472, 464, 08/2029
5350213646363618, 334, 02/2030
5168573223572705, 125, 04/2028
5847132357326542, 686, 11/2027
5666687353208810, 811, 12/2029
5070441024881716, 368, 02/2031
5266771776527156, 722, 03/2028
5302027373358032, 149, 10/2028
5426246736565361, 771, 07/2029
5550860870462728, 871, 10/2028
5727061543414703, 499, 05/2027
5246144118538643, 241, 10/2029
5172822381345212, 954, 04/2027
5471028162623177, 643, 09/2030
5152740602624237, 498, 11/2029
5873006523830651, 466, 11/2027
5022267718148230, 181, 01/2030
5712627425821616, 779, 08/2030
5571273634415070, 976, 07/2028
5803408212150240, 122, 04/2029
5607725887816138, 900, 01/2028
5146141606835813, 895, 02/2031
5081478205575367, 462, 03/2028
5470227831487425, 567, 07/2029
5287561203477157, 426, 10/2028
5742178826323665, 939, 01/2030
5703172625617846, 639, 02/2029
5265736784702852, 317, 10/2027
5443183725781072, 321, 03/2030
5530711280583220, 524, 10/2028
5783282176038327, 451, 10/2027
5426722277028142, 535, 11/2029
5253173577847872, 541, 10/2027
5843110505273810, 203, 09/2027
5310323515367183, 772, 01/2028
5057266625708522, 421, 12/2028
5238230008838647, 906, 06/2031
5657602461868562, 682, 01/2030
5230148360256521, 566, 12/2029
5321065724106814, 637, 06/2030
5584433744107463, 354, 07/2030
5017767621687833, 623, 01/2030
5318618608208687, 151, 11/2027
5725436444706765, 884, 08/2031
5153587502643042, 441, 11/2031
5452777647644082, 896, 09/2028
5347672315102787, 768, 08/2031
5681762807586755, 825, 10/2031
5452584486111383, 421, 05/2031
5842307400061487, 733, 05/2027
5366865588215056, 261, 08/2028
5132827881627075, 413, 01/2031
5526313846832187, 345, 05/2030
5650077771375508, 179, 02/2027
5573442735788457, 724, 07/2031
5264001346228685, 503, 12/2029
5667784024758643, 241, 08/2030
5227885656280377, 796, 05/2030
5346367341126584, 388, 12/2030
5523836466866823, 239, 07/2028
5685643175803061, 813, 02/2030
5040027365677487, 980, 10/2031
5038276823068854, 390, 08/2030
5148861803684502, 136, 12/2029
5272457517174654, 375, 05/2030
5334014171848481, 191, 07/2029
5748504331651700, 835, 05/2031
5886833725535647, 783, 10/2027
5707757131054504, 609, 11/2028
5642527114364164, 603, 03/2027
5717727385172276, 268, 03/2028
5758458670880726, 118, 10/2031
5645854217317601, 397, 11/2028
5748360520860473, 200, 04/2027
5780256577101523, 902, 01/2030
5036811621564753, 117, 02/2027
5384263434648720, 898, 02/2028
5336056170523548, 723, 08/2031
5411576635583611, 851, 07/2027
5277568457480417, 157, 12/2031
5541105185776871, 820, 10/2028
5500514123658126, 628, 06/2027
5864656266270142, 216, 08/2030
5654113755127122, 318, 04/2031
5752716708617618, 606, 02/2028
5808353845640834, 761, 12/2030
5506480436351516, 762, 11/2029
5335132037668080, 965, 02/2027
5082361071738781, 776, 02/2030
5067651772363270, 663, 07/2029
5313638317344818, 594, 04/2029
5550457653417472, 512, 09/2030
5802175674666044, 904, 09/2027
5020317244712132, 645, 04/2029
5615633455821557, 176, 12/2030
5262786187215385, 472, 03/2030
5000341464314175, 473, 08/2027
5230000748648178, 386, 04/2027
5446344832662582, 539, 09/2027
5071424176123888, 154, 04/2029
5046303662752040, 524, 06/2031
5565012767472526, 599, 05/2028
5262366405425023, 196, 11/2031
5608012653587105, 119, 10/2028
5648158331117310, 772, 02/2030
5063061826824166, 543, 01/2027
5611881106776860, 571, 07/2028
5182510636076371, 840, 02/2030
5770015687501465, 278, 01/2029
5380084500532570, 144, 05/2029
5313003865570548, 303, 02/2028
5427521786073170, 736, 06/2030
5580768867372046, 799, 05/2031
5704231763560256, 660, 11/2029
5446202586654140, 352, 07/2029
5537034423062413, 929, 03/2028
5335208064658804, 953, 02/2027
5706584256528463, 484, 04/2028
5044783352124356, 465, 06/2029
5640022082642058, 339, 01/2029
5125611234345034, 635, 08/2028
5677828477848407, 865, 02/2027
5754182184175407, 637, 01/2031
5176301002627833, 428, 03/2029
5101148447114301, 831, 08/2028
5746733450662667, 667, 11/2029
5703256647321378, 801, 04/2030
5083752542553768, 443, 03/2031
5755762553265712, 215, 05/2031
5467046882517681, 114, 03/2028
5530115875185245, 477, 07/2029
5181836451014572, 391, 02/2029
5157554401547431, 660, 09/2029
5274615112263127, 689, 11/2029
5206472200815720, 608, 10/2029
5132500671062577, 114, 06/2031
5046765856306421, 135, 01/2029
5447510486288705, 478, 04/2027
5214751820783503, 616, 05/2031
5350764771682701, 225, 12/2029
5177315428640138, 798, 04/2030
5726845280057365, 115, 04/2029
5657686753033670, 253, 12/2027
5834342867613264, 523, 11/2027
5281718681615320, 483, 11/2028
5838473017665288, 495, 01/2027
5460454774503651, 495, 02/2029
5004401887258205, 859, 05/2027
5662868541778310, 667, 03/2031
5520134817623488, 676, 04/2027
5884388806134424, 525, 01/2031
5802240703348608, 798, 03/2031
5511338801458055, 907, 12/2031
5402171575425345, 414, 07/2030
5171718646530351, 329, 08/2030
5172028841055140, 926, 11/2028
5751447860351785, 319, 09/2031
5454661652542324, 898, 02/2030
5436632432332420, 682, 07/2027
5528654385026030, 426, 01/2029
5241761586236882, 463, 07/2028
5123078043410205, 700, 04/2027
5216420088253207, 959, 03/2028
5753800532531507, 767, 07/2029
5723101150867845, 647, 09/2029
5147183407214102, 429, 04/2030
5422177560465085, 411, 08/2029
5476166046118512, 252, 08/2031
5787711387183080, 470, 08/2028
5565858518408080, 809, 03/2029
5305533784228752, 875, 06/2031
5608715880401474, 354, 12/2030
5447862427751188, 200, 12/2030
5474562286052431, 693, 04/2028
5413146650853881, 399, 07/2028
5635201450734468, 988, 03/2027
5048517841238583, 571, 06/2030
5226767844004441, 277, 02/2031
5626884737224287, 456, 09/2031
5034203511852328, 715, 03/2030
5032511085143342, 475, 06/2029
5600644276286562, 486, 02/2031
5242160852528412, 690, 01/2027
5232752736372215, 767, 03/2029
5075101721462625, 550, 11/2031
5163252288580425, 497, 03/2030
5288351065582883, 861, 11/2029
5878630534635067, 983, 11/2030
5486511122860578, 523, 12/2027
5118077500516550, 847, 11/2028
5210107685312736, 302, 04/2030
5185233626461837, 394, 02/2030
5676808655202172, 240, 05/2029
5068640025147068, 224, 11/2031
5242272708664547, 864, 01/2031
5460567884820887, 680, 09/2027
5018753312774147, 141, 06/2030
5653366326250168, 951, 10/2029
5583250767622603, 202, 07/2029
5660031248801636, 867, 10/2028
5253754234437528, 425, 04/2028
5645151378234380, 782, 12/2028
5874103744260856, 302, 05/2030
5334443255168617, 129, 09/2031
5145608178775263, 613, 08/2031
5888452670631455, 673, 04/2027
5280871337156156, 691, 07/2028
5472414443301842, 880, 02/2031
5682664616140148, 127, 11/2029
5101516313420715, 444, 03/2031
5048330326373721, 833, 04/2030
5603236764146130, 293, 02/2031
5178880065166720, 750, 08/2027
5716434133468251, 655, 06/2029
5338451178277767, 366, 06/2030
5227115063674263, 185, 06/2027
5880760681021617, 948, 02/2027
5148207414184377, 662, 07/2029
5381382514322841, 199, 09/2029
5734103752713275, 374, 03/2031
5302648142783141, 223, 04/2028
5065610045002034, 540, 10/2029
5731562337781730, 699, 08/2030
5157231266307520, 647, 06/2028
5541425674474808, 751, 08/2028
5714010814136367, 187, 08/2027
5286336120111358, 138, 10/2028
5848657851070526, 680, 04/2030
5165067277120613, 524, 08/2029
5170520037082377, 885, 09/2030
5780102171253445, 299, 05/2028
5046166437164472, 332, 10/2027
5802176157517035, 243, 09/2028
5128856642542527, 114, 10/2027
5677564402242743, 894, 02/2028
5022786737566205, 737, 10/2030
5654816734461715, 301, 09/2030
5323438770857770, 194, 04/2030
5302888402841706, 753, 10/2031
5167758315658352, 787, 02/2031
5406378326714341, 526, 11/2029
5623378487022085, 180, 03/2030
5840111433104823, 570, 03/2029
5577116326285018, 330, 05/2030
5343727040770268, 821, 07/2030
5348251025273375, 218, 08/2030
5845262261300051, 768, 04/2028
5857322614356872, 180, 09/2028
5180383774548201, 790, 03/2028
5355077616561658, 423, 05/2029
5457841721333106, 413, 04/2028
5505670531032703, 669, 04/2030
5363236122431802, 283, 05/2029
5632312021423631, 573, 08/2029
5361521837108486, 216, 01/2031
5532686716316577, 292, 06/2029
5177272601880082, 937, 03/2028
5705408741318747, 776, 01/2030
5743305733615706, 410, 11/2031
5331125301143032, 127, 07/2029
5248721372678187, 985, 07/2027
5581251763321861, 349, 06/2027
5075073006167171, 525, 07/2030
5084174205026306, 275, 04/2030
5278886878567011, 331, 05/2031
5522728156876272, 266, 10/2028
5076207475688205, 890, 03/2030
5156816256670043, 724, 12/2030
5468175678263132, 242, 04/2031
5128728366081844, 296, 12/2028
5523676520353677, 766, 10/2028
5122062877813743, 393, 03/2031
5884665760684118, 899, 04/2029
5025787371180870, 621, 02/2027
5134687762501288, 814, 05/2030
5672822126534513, 660, 10/2027
5772621754407185, 691, 10/2027
5515773047736730, 777, 05/2031
5033378744383803, 850, 01/2028
5403143875541740, 613, 08/2029
5578132828360885, 645, 06/2028
5550472056555810, 373, 11/2031
5387488383045860, 263, 04/2031
5446778130674353, 914, 04/2027
5704211736106585, 424, 03/2027
5052644531216001, 845, 05/2029
5680128574113812, 414, 04/2028
5782787680368524, 584, 10/2031
5002156138233413, 950, 01/2028
5551238065606582, 120, 04/2028
5614134560172573, 308, 08/2030
5004017550262231, 550, 06/2029
5877612370508153, 269, 02/2027
5244557687710073, 668, 02/2028
5067717122433772, 520, 03/2029
5845667687736870, 220, 03/2028
5838174328258470, 932, 02/2028
5777131020338540, 510, 09/2028
5635034470611667, 559, 12/2031
5173501573320436, 674, 11/2027
5738162400421067, 979, 01/2030
5106778315855075, 569, 08/2029
5113546042752464, 668, 06/2027
5553355827164284, 341, 01/2030
5242363276573762, 129, 05/2027
5061650857080763, 948, 02/2027
5642033822460667, 194, 02/2031
5175267558542836, 766, 02/2030
5282650508657483, 678, 10/2028
5858636266400467, 922, 10/2031
5322780488865053, 891, 11/2027
5435673061660161, 586, 07/2027
5253623356183303, 183, 11/2028
5277114755066515, 736, 09/2028
5367321434617706, 807, 10/2030
5166840323470581, 679, 08/2030
5885151513408542, 183, 10/2028
5665324548207074, 387, 02/2028
5874324276556202, 681, 01/2030
5586646217454561, 247, 07/2027
5222378705244862, 900, 06/2030
5251881516756044, 551, 01/2029
5640117234465075, 750, 11/2031
5513682166180715, 375, 09/2030
5348687570352140, 577, 01/2030
5174603371508656, 172, 06/2031
5067775525281636, 430, 03/2028
5658137453833430, 229, 04/2031
5204344116574836, 950, 12/2027
5230730817450573, 520, 01/2030
5448402122640573, 983, 06/2029
5588312808446643, 978, 06/2030
5188201543105180, 692, 09/2030
5741620317347183, 559, 04/2028
5028841578037230, 889, 10/2029
5408835802525556, 385, 11/2030
5441704788026634, 815, 03/2028
5214610848522683, 441, 08/2029
5067516802677660, 301, 05/2029
5271375207461515, 282, 09/2031
5680347400636271, 789, 07/2028
5246086364056145, 837, 05/2030
5880404870045687, 479, 08/2028
5623763866337206, 676, 08/2031
5002857621772771, 847, 01/2030
5038563348648553, 729, 12/2030
5871261472643702, 897, 02/2027
5221370044784246, 592, 03/2027
5788582061462523, 133, 08/2029
5312375722444146, 727, 07/2028
5883522032638342, 600, 06/2027
5620871406747785, 899, 08/2027
5655447413307877, 425, 04/2031
5658784750145651, 670, 04/2027
5314153746454740, 856, 01/2027
5186280850843817, 652, 01/2029
5306446102770810, 131, 07/2027
5173143863112627, 275, 06/2031
5236518207534104, 283, 11/2027
5617655308178750, 910, 01/2027
5764270808345262, 298, 11/2030
5246031202062202, 566, 09/2031
5325841681421503, 803, 07/2028
5465705226835222, 935, 09/2029
5831103366844484, 681, 11/2029
5134885447522881, 279, 08/2027
5673344430312741, 859, 10/2027
5225846352668655, 324, 07/2031
5407281855703157, 494, 09/2029
5536364835207624, 451, 02/2028
5741732261668405, 217, 10/2028
5057005774130645, 684, 09/2028
5450226742733376, 671, 11/2031
5546742883165844, 880, 12/2029
5862624761600843, 287, 07/2030
5202613723637307, 667, 08/2029
5875135026755228, 207, 12/2028
5074273063760352, 375, 06/2030
5518284205414380, 621, 02/2027
5532480277331443, 278, 11/2031
5653073870303381, 129, 03/2029
5131762813885346, 448, 11/2029
5822600384124568, 253, 11/2031
5676281368301212, 135, 09/2029
5372667456670475, 409, 01/2028
5330386362352562, 618, 05/2028
5726577837573855, 621, 07/2028
5881203616040567, 395, 02/2029
5450260763886417, 963, 07/2030
5673502331503227, 710, 01/2030
5008368023442785, 358, 11/2029
5625375838225340, 382, 08/2028
5730647132134713, 757, 06/2030
5682757681003504, 907, 12/2027
5656063211745546, 488, 03/2029
5740330203023267, 459, 12/2029
5364341562520061, 801, 12/2029
5382080864467617, 876, 03/2031
5828110634222752, 579, 08/2030
5388311733687422, 667, 11/2029
5783284761553611, 616, 01/2031
5815583801648220, 214, 11/2027
5557580361884437, 373, 05/2028
5387264183757008, 425, 07/2029
5736288430764028, 409, 06/2029
5736031376504820, 847, 05/2031
5222203421827446, 621, 02/2027
5830844457370654, 441, 10/2031
